"시설명","시설종류","지정일자","주소","구역지정수","시설물 CCTV 수","시설물 도로표지판 수","시설물 과속방지턱 수","어린이보행자 사고건수 (2020년 ~ 2021년)"
"대구상원유치원","유치원(일반)","","대구광역시 달서구 학산남로 34 (상인동)","0","0","0","0","2"
"코끼리어린이집","어린이집","","대구광역시 달서구 성서로72길 97-11 (이곡동)","1","1","5","1","0"
"토마토어린이집","어린이집","","대구광역시 달서구 성서동로65길 24 (이곡동)","2","0","7","5","0"
"으뜸유치원","유치원(일반)","","대구광역시 동구 위남로2길 38 (봉무동)","1","1","9","3","0"
"매동초등학교","초등학교","","대구광역시 수성구 천을로31길 16 (매호동)","2","4","32","9","0"
"화랑어린이집","어린이집","","대구광역시 남구 두류공원로13길 27-5 (대명동)","1","1","5","2","0"
"혜민어린이집","유치원(일반)","","대구광역시 달성군 화원읍 명천로 231 (명곡미래빌 2단지)","0","0","0","0","0"
"대구불로초등학교","초등학교","","대구광역시 동구 방천로3길 19 (불로동)","4","4","19","14","0"
"늘푸른유치원","유치원(일반)","2020년 12월 21일","대구광역시 달성군 화원읍 명곡로 4 ","0","0","0","0","0"
"서변초등학교 조야분교장","초등학교","","대구광역시 북구 조야로8길 16 (조야동)","2","2","15","2","0"
"대구남양학교","특수학교","","대구광역시 수성구 무학로37안길 6 (지산동)","5","5","40","9","0"
"대진초등학교","초등학교","","대구광역시 달서구 상화로 70 (대곡동)","4","4","28","6","1"
"인지초등학교","초등학교","","대구광역시 서구 서대구로66길 20 (비산동)","10","2","13","10","0"
"정원유치원","유치원(일반)","","대구광역시 동구 이노밸리로29길 76 (각산동)","2","2","28","1","0"
"전원어린이집","어린이집","","대구광역시 수성구 유니버시아드로68길 16 (욱수동)","1","1","14","3","0"
"동양유치원","유치원(일반)","","대구광역시 서구 평리로78길 8-12 (내당동)","2","1","3","4","0"
"장원유치원","유치원(일반)","2014년 06월 17일","대구광역시 달성군 현풍읍 현풍동로 49 ","0","0","0","0","0"
"행복한어린이집","어린이집","","대구광역시 달서구 화암로 301 (대곡동)","1","1","10","2","0"
"대구화동초등학교","초등학교","","대구광역시 달성군 화원읍 성암로 38 ","6","9","56","11","0"
"화원꽃뜰유치원","유치원(일반)","","대구광역시 달성군 화원읍 성암로 38 ","0","0","0","0","0"
"두산초등학교","초등학교","","대구광역시 수성구 동대구로6길 31 (지산동)","6","8","45","13","0"
"대구동촌초등학교","초등학교","","대구광역시 동구 동촌로 168 (방촌동)","2","1","20","1","0"
" 궁전어린이집","어린이집","","대구광역시 서구 국채보상로61길 24 (평리동)","4","2","6","5","1"
"대구새론초등학교","초등학교","","대구광역시 동구 과학로13길 5 (각산동)","2","2","24","0","0"
"다솜유치원","유치원(일반)","","대구광역시 북구 복현로20길 20 (복현동)","4","1","13","3","0"
"북구어린이집","어린이집","","대구광역시 북구 환성정길 17-2 (서변동)","0","0","0","0","0"
"무지개어린이집","어린이집","","대구광역시 북구 칠곡중앙대로77길 28 (태전동)","0","0","0","0","0"
"평리초등학교","초등학교","","대구광역시 서구 국채보상로53길 6-5 (평리동)","17","4","18","16","1"
"대구방촌초등학교","초등학교","","대구광역시 동구 동촌로42길 35-14 (방촌동)","4","5","24","5","0"
"태암초등학교","초등학교","","대구광역시 북구 칠곡중앙대로52길 56 (태전동)","2","3","21","9","0"
"리오바어린이집","어린이집","","대구광역시 수성구 달구벌대로528길 15 (만촌동)","1","0","0","4","0"
"학남초등학교","초등학교","","대구광역시 북구 학정동로 23 (국우동)","2","3","23","4","0"
"대구서촌초등학교","초등학교","","대구광역시 동구 파계로 525-11 (중대동)","2","0","10","0","0"
"나현유치원","유치원(일반)","","대구광역시 동구 화랑로88길 90 (방촌동)","0","0","0","0","0"
"꽃동산유치원","유치원(일반)","","대구광역시 동구 동촌로48길 24-7 (방촌동)","3","1","12","6","0"
"다애유치원","유치원(일반)","","대구광역시 동구 화랑로88길 80 (방촌동)","3","2","20","8","0"
"효성유치원","유치원(일반)","","대구광역시 북구 동암로37길 17 (국우동)","3","1","13","8","0"
"만촌아이숲유치원","유치원(일반)","","대구광역시 수성구 달구벌대로522길 166 (만촌동)","2","2","8","0","0"
"파란하늘유치원","유치원(일반)","","대구광역시 동구 금호강변로3길 14 (율하동)","3","2","20","0","0"
"성서예능어린이집","어린이집","","대구광역시 달서구 달구벌대로283길 26 (장기동)","0","0","0","0","0"
"키즈브라운어린이집","어린이집","","대구광역시 수성구 파동로38길 45-3 (파동)","2","2","10","5","0"
"대구강림초등학교","초등학교","2016년 11월 30일","대구광역시 달성군 옥포읍 돌미로 15 ","8","1","23","0","0"
"대구한실초등학교","초등학교","","대구광역시 달서구 한실로6길 108 (대곡동)","5","2","25","8","0"
" 본영어린이집","어린이집","","대구광역시 달서구 와룡로2길 16 (본동)","2","0","12","3","0"
" 도남초등학교","초등학교","","대구광역시 북구 구리로 202 (국우동)","7","3","65","9","0"
"서도초등학교","초등학교","","대구광역시 서구 평리로 395 (평리동)","19","9","25","14","0"
"대구용호초등학교","초등학교","","대구광역시 동구 동촌로56길 82 (방촌동)","5","4","30","8","0"
"대구북동초등학교","초등학교","","대구광역시 달성군 논공읍 논공로11길 18 ","15","15","96","22","0"
"달성초등학교","초등학교","","대구광역시 서구 고성로 127 (원대동1가)","33","14","57","19","0"
"화남초등학교","초등학교","2019년 06월 07일","대구광역시 달성군 화원읍 명천로 181 ","5","6","43","1","0"
"움사랑생태어린이집","어린이집","","대구광역시 북구 칠곡중앙대로86길 17-1 (읍내동)","3","2","17","2","0"
"내서초등학교","초등학교","","대구광역시 서구 달구벌대로371길 35 (내당동)","13","8","28","20","0"
"서대구공단어린이집","어린이집","","대구광역시 서구 평리로35길 10 (중리동)","7","1","12","4","0"
"소명어린이집","어린이집","","대구광역시 동구 율하동로28길 39 (신기동)","1","1","6","3","0"
"동서변유치원","유치원(일반)","","대구광역시 북구 서변로3길 59 (서변동)","0","0","0","0","0"
"지산초등학교","초등학교","","대구광역시 수성구 지범로17길 3-14 (지산동)","6","4","21","6","0"
"종로초등학교","초등학교","1996년 05월 28일","대구광역시 중구 경상감영길 49 (서문로1가)","3","3","36","6","0"
"종로초등학교 병설유치원","유치원(병설)","","대구광역시 중구 경상감영길 49 (서문로1가)","0","0","0","0","0"
"국우초등학교","초등학교","","대구광역시 북구 도남중앙로10길 45 (국우동)","4","0","0","0","0"
" 효명초등학교","초등학교","2019년 09월 05일","대구광역시 남구 앞산순환로 707 (봉덕동)","8","11","79","10","0"
"YMCA유치원","유치원(일반)","2001년 09월 25일","대구광역시 중구 중앙대로 375 (덕산동)","1","1","12","0","0"
"우주과학유치원","유치원(일반)","","대구광역시 북구 오봉로6길 9-1 (노원동1가)","3","3","14","2","0"
"청수유치원","유치원(일반)","","대구광역시 수성구 달구벌대로504길 20 (범어동)","1","0","2","0","0"
"라온어린이집","어린이집","","대구광역시 달서구 조암남로14길 57 (월성동)","1","0","3","2","0"
"월성아이세상어린이집","어린이집","","대구광역시 달서구 조암남로10길 42 (월성동)","3","1","17","8","0"
"한국예술유치원","유치원(일반)","","대구광역시 수성구 용학로34길 8 (지산동)","2","1","13","4","0"
"침산ing유치원","유치원(일반)","","대구광역시 북구 침산남로37길 10 (침산동)","2","0","0","0","1"
"와룡초등학교","초등학교","","대구광역시 달서구 선원남로 22 (이곡동)","1","2","12","4","0"
"제일어린이집","어린이집","","대구광역시 수성구 용학로30길 82 (지산동)","1","1","3","1","1"
"난나유치원","유치원(일반)","","대구광역시 달서구 성서서로 330 (이곡동, 성서청남타운)","2","1","9","1","0"
"신암초등학교","초등학교","","대구광역시 북구 경대로 21 (대현동)","5","3","49","1","0"
"화원유치원","유치원(일반)","","대구광역시 달성군 화원읍 비슬로525길 46 ","0","0","0","0","0"
"대구내당초등학교","초등학교","","대구광역시 달서구 명덕로 22-9 (두류동)","6","3","31","12","0"
"대원유치원","유치원(일반)","","대구광역시 북구 동북로26길 26 (산격동)","4","3","17","8","0"
"화니어린이집","어린이집","","대구광역시 수성구 동대구로7길 14-14 (두산동)","2","1","11","4","0"
"플레이키즈어린이집","어린이집","","대구광역시 달서구 월곡로26안길 17-7 (상인동)","1","1","4","0","0"
"옥빛유치원","유치원(일반)","2020년 12월 21일","대구광역시 달성군 옥포읍 돌미로2서길 20 ","0","0","0","0","0"
"율하유치원","유치원(일반)","","대구광역시 동구 안심로16길 19 (율하동)","1","1","6","0","0"
"남산초등학교","초등학교","1996년 01월 10일","대구광역시 중구 남산로 70 (남산동)","3","6","62","5","0"
"대구월서초등학교","초등학교","","대구광역시 달서구 월배로39길 46 (상인동)","6","4","56","11","1"
"무지개유치원","유치원(일반)","","대구광역시 수성구 용학로 197 (지산동)","1","1","12","0","1"
"새솔유치원","유치원(일반)","","대구광역시 북구 동암로7길 39 (읍내동, 칠곡한서타운)","1","2","7","7","0"
"금강어린이집","어린이집","","대구광역시 수성구 수성로75길 24 (수성동1가)","3","1","9","6","0"
"하늘유치원","유치원(일반)","","대구광역시 수성구 노변공원로3길 10 (노변동)","4","2","13","2","0"
"한솔유치원","유치원(일반)","","대구광역시 달서구 이곡동로 32 (이곡동, 성서와룡타운)","2","2","17","3","1"
"용지초등학교","초등학교","","대구광역시 수성구 지산로 12 (지산동)","5","2","36","8","1"
"범물초등학교","초등학교","","대구광역시 수성구 지범로41길 33 (범물동)","3","5","48","14","0"
"아이성어린이집","어린이집","","대구광역시 서구 국채보상로83길 49 (비산동)","5","3","9","1","0"
"동성초등학교","초등학교","","대구광역시 수성구 수성로 311 (수성동1가)","2","4","27","3","0"
"꼬마또래 어린이집","어린이집","2019년 09월 05일","대구광역시 남구 효동2길 16 (봉덕동)","0","0","0","0","1"
"아름그루 유치원","어린이집","2019년 09월 05일","대구광역시 남구 효동길 91 (봉덕동)","0","0","0","0","0"
"학남어린이집","어린이집","","대구광역시 북구 주좌길 34 (학정동)","0","0","0","0","1"
"복명초등학교","초등학교","","대구광역시 수성구 범안로20길 8 (범물동)","4","5","28","8","1"
"아이린유치원","유치원(일반)","","대구광역시 남구 효동길 14 (봉덕동)","1","2","14","3","1"
"반디유치원","유치원(일반)","","대구광역시 북구 관음동로32길 6-13 (읍내동)","1","3","7","2","0"
"지봉초등학교","초등학교","","대구광역시 수성구 지범로31길 45 (지산동)","3","3","31","12","0"
"대구세명학교","특수학교","","대구광역시 달서구 새방로 62 (용산동)","1","1","9","0","0"
"참좋은어린이집","어린이집","2016년 03월 31일","대구광역시 남구 중앙대로 126 (봉덕동)","1","2","15","0","0"
"이곡초등학교","초등학교","","대구광역시 달서구 선원남로 120 (이곡동)","0","0","0","0","0"
"교동초등학교","초등학교","","대구광역시 북구 관음중앙로34길 4 (읍내동)","4","3","22","10","0"
"한샘유치원","유치원(일반)","","대구광역시 달서구 선원남로 77 (이곡동, 한샘아파트)","0","0","0","0","0"
"성곡초등학교","초등학교","","대구광역시 달서구 선원남로 127 (이곡동)","2","8","33","13","0"
"팔공초등학교","초등학교","","대구광역시 동구 연경지묘로 150 (지묘동)","2","0","0","0","0"
"봉덕초등학교","초등학교","","대구광역시 남구 효성로 71 (봉덕동)","8","10","107","15","1"
"봉덕초교병설","유치원(병설)","1997년 10월 10일","대구광역시 남구 효성로 71 (봉덕동)","0","0","0","0","1"
"명곡초등학교","초등학교","2020년 12월 21일","대구광역시 달성군 화원읍 명곡로 40 ","2","0","0","0","0"
"큰별어린이집","어린이집","","대구광역시 달서구 선원로23북길 16-10 (이곡동)","1","0","4","2","0"
"향뜰어린이집","어린이집","","대구광역시 수성구 천을로 125 (매호동)","1","0","8","6","0"
"하늘빛유치원","유치원(일반)","","대구광역시 수성구 지범로40길 11 (범물동, 서한화성아파트)","1","1","7","4","0"
" 미리내어린이집","어린이집","","대구광역시 달서구 감삼길 99 (감삼동)","0","0","0","0","1"
"시지초등학교","초등학교","","대구광역시 수성구 달구벌대로631길 17 (매호동)","4","4","53","10","0"
" 동심어린이집","어린이집","","대구광역시 달서구 상화로51길 14 (상인동)","0","0","0","0","1"
"사랑숲유치원","유치원(일반)","","대구광역시 수성구 용학로 272 (범물동, 범물창신태성한라맨션)","2","2","26","2","0"
"한별유치원","유치원(일반)","","대구광역시 북구 칠곡중앙대로99길 45-21 (관음동)","0","0","0","0","0"
"관음초등학교","초등학교","","대구광역시 북구 관음동로17길 16 (관음동)","5","3","18","5","0"
"글나라어린이집","어린이집","","대구광역시 서구 국채보상로46길 31-27 (평리동)","6","1","27","9","0"
"대구신성초등학교","초등학교","","대구광역시 동구 동북로71길 29 (신암동)","4","3","31","12","0"
" 아이세상유치원","유치원(일반)","","대구광역시 달서구 선원로37남길 13 (이곡동)","5","1","16","6","0"
"신월초등학교","초등학교","","대구광역시 달서구 조암남로 100 (월성동)","8","3","27","9","0"
"예일유치원","유치원(일반)","","대구광역시 북구 대천로7길 40 (읍내동, 칠곡산호한양아파트)","0","0","0","0","0"
"참좋은 유치원","유치원(일반)","","대구광역시 남구 삼정2길 36 (봉덕동)","1","1","6","1","1"
"범일초등학교","초등학교","","대구광역시 수성구 범안로4길 22 (범물동)","4","5","38","14","0"
"연세유치원","유치원(일반)","","대구광역시 북구 침산남로 165-4 (침산동)","3","0","5","2","1"
"대천초등학교","초등학교","","대구광역시 북구 구암로21길 54 (읍내동)","3","3","21","4","0"
"별하나어린이집","어린이집","","대구광역시 수성구 파동로51길 64 (파동)","1","0","7","3","0"
"행복숲유치원","유치원(일반)","","대구광역시 북구 구암로 17 (관음동, 칠곡2차(수정)한양아파트)","1","1","13","3","0"
"해오름어린이집","어린이집","","대구광역시 동구 율하서로 96 (율하동)","0","0","0","0","0"
"i숲담은어린이집","어린이집","","대구광역시 북구 침산남로9길 41-32 (침산동)","1","0","0","0","0"
"대구관남초등학교","초등학교","","대구광역시 북구 칠곡중앙대로91길 10 (관음동)","2","5","15","3","0"
"솔리유치원","유치원(일반)","","대구광역시 달서구 조암남로19길 11 (월성동)","0","0","0","0","0"
"성서어린이집","어린이집","","대구광역시 달서구 성서서로 89 (월암동)","2","1","10","0","0"
"율빛유치원","유치원(일반)","","대구광역시 동구 율하서로3길 45 (율하동)","0","0","0","0","0"
"대구율금초등학교","초등학교","","대구광역시 동구 안심로16길 70 (율하동)","5","5","61","5","1"
"산격초등학교","초등학교","","대구광역시 북구 산격로10길 14 (산격동)","4","3","41","10","0"
"동곡초등학교병설유치원","유치원(병설)","","대구광역시 달성군 하빈면 달구벌대로55길 104-4 ","0","0","0","0","0"
"대구동곡초등학교","초등학교","","대구광역시 달성군 하빈면 달구벌대로55길 104-4 ","1","2","9","4","0"
"한국대구화교소학교","초등학교","2016년 12월 02일","대구광역시 중구 종로 34 (남일동)","1","0","6","1","0"
"범어유치원","유치원(일반)","","대구광역시 수성구 국채보상로186길 121 (범어동)","1","2","8","5","0"
"중앙초등학교","초등학교","","대구광역시 수성구 만촌로 125 (만촌동)","3","5","35","10","0"
"노전초등학교","초등학교","","대구광역시 달서구 한실로 43 (도원동)","2","1","19","0","0"
" 가톨릭소화어린이집","어린이집","","대구광역시 달서구 월곡로51길 77 (상인동)","6","4","21","3","0"
"자연누리유치원","유치원(일반)","","대구광역시 수성구 노변로 101 (노변동)","1","1","21","4","0"
" 효성어린이집","어린이집","","대구광역시 동구 효목로19길 9-6 (효목동)","0","0","0","0","0"
"구지세현유치원","유치원(일반)","","대구광역시 달성군 구지면 국가산단대로70길 23 ","0","0","0","0","0"
" 영지어린이집","어린이집","","대구광역시 북구 산격로서9길 6-1 (산격동)","3","4","23","4","0"
"도원유치원","유치원(일반)","","대구광역시 달서구 한실로 137 (도원동)","1","1","12","0","1"
"월서유치원","유치원(일반)","","대구광역시 달서구 조암남로16길 34 (월성동)","3","3","11","3","0"
"대구교육대학 부설초등학교","초등학교","","대구광역시 달서구 도원남로 19 (도원동)","3","2","27","1","0"
"대곡유치원","유치원(일반)","","대구광역시 달서구 도원로 42 (도원동)","0","0","0","0","0"
"세원어린이집","어린이집","","대구광역시 동구 효목로17길 50 (효목동)","2","1","15","3","0"
"대구세현초등학교","초등학교","2017년 03월 09일","대구광역시 달성군 구지면 국가산단대로66길 10 ","7","5","42","2","0"
"계성어린이집","어린이집","","대구광역시 수성구 범어로 157 (범어동)","1","1","17","4","0"
"도원초등학교","초등학교","","대구광역시 달서구 도원남로 100-30 (도원동)","2","3","33","16","1"
"해오름유치원","유치원(일반)","","대구광역시 달서구 도원남로 54 (도원동)","0","0","0","0","0"
"대곡초등학교","초등학교","","대구광역시 달서구 도원남로 60 (도원동)","5","5","49","12","0"
"달성어린이집","어린이집","2014년 04월 17일","대구광역시 달성군 현풍읍 현풍중앙로10길 74 ","1","3","11","3","0"
"개미유치원","유치원(일반)","","대구광역시 달서구 상원로3길 19-5 (상인동)","5","1","10","6","0"
"대구아양초등학교","초등학교","","대구광역시 동구 아양로 221 (신암동)","2","1","15","1","0"
"대구율원초등학교","초등학교","","대구광역시 동구 율하동로 55 (율하동)","2","3","21","1","0"
"키즈하버드어린이집","어린이집","","대구광역시 동구 율하동로8길 75 (율하동)","0","0","0","0","0"
"상원어린이집","어린이집","","대구광역시 달서구 조암로 89-23 (월성동)","0","0","0","0","0"
"서대구초등학교","초등학교","","대구광역시 서구 서대구로63길 28-13 (비산동)","13","4","26","14","0"
"대구금포초등학교","초등학교","2019년 07월 25일","대구광역시 달성군 논공읍 금포초등길 28 ","21","4","63","2","0"
"이현초등학교","초등학교","1997년 10월 10일","대구광역시 서구 국채보상로37길 35 (평리동)","10","1","0","0","0"
" 하늘어린이집","어린이집","","대구광역시 북구 고성로34길 90 (고성동1가)","4","3","26","7","0"
"대구금계초등학교","초등학교","","대구광역시 달성군 옥포읍 금계길 55 ","4","5","42","2","0"
" 자연동화유치원","유치원(일반)","","대구광역시 동구 안심로51길 13-2 (서호동)","0","0","0","0","0"
"반송초등학교","초등학교","","대구광역시 달성군 옥포읍 용연사길 5 ","3","1","18","4","0"
"반송초등학교병설","초등학교","","대구광역시 달성군 옥포읍 용연사길 5 ","0","0","0","0","0"
"상화유치원","유치원(일반)","","대구광역시 달서구 상인서로 76 (상인동, 상인영남화성타운)","2","1","13","3","1"
"월촌초등학교","초등학교","","대구광역시 달서구 상인서로 60 (상인동)","2","3","16","4","1"
" 하늘꿈어린이집","어린이집","","대구광역시 달서구 조암로14안길 18-9 (월성동)","2","1","11","4","0"
"해피아이어린이집","어린이집","","대구광역시 달성군 다사읍 대실역북로 96 ","0","0","0","0","0"
"대구봉무초등학교","초등학교","","대구광역시 동구 팔공로53길 30 (봉무동)","2","4","35","0","0"
"마야유치원","유치원(일반)","","대구광역시 달서구 상인로26길 20 (상인동)","1","1","8","5","0"
"대구삼성어린이집","어린이집","2008년 09월 26일","대구광역시 중구 달구벌대로 2016-40 (남산동)","2","1","20","4","0"
"매곡초등병설유치원","유치원(병설)","","대구광역시 달성군 다사읍 대실역북로3길 6 ","0","0","0","0","0"
"매곡초등학교","초등학교","2019년 07월 25일","대구광역시 달성군 다사읍 대실역북로3길 6 ","0","0","0","0","0"
"이노유치원","유치원(일반)","","대구광역시 달서구 조암남로20길 54 (월성동)","0","0","0","0","0"
"범어초등학교","초등학교","","대구광역시 수성구 달구벌대로489길 55 (범어동)","6","7","53","9","0"
"왕선초등학교","초등학교","2019년 07월 25일","대구광역시 달성군 다사읍 대실역북로 93 ","10","11","77","15","0"
"왕선초교병설유치원","유치원(병설)","","대구광역시 달성군 다사읍 대실역북로 93 ","0","0","0","0","0"
"해맑은유치원","유치원(일반)","2019년 07월 25일","대구광역시 달성군 다사읍 왕선로 41 ","0","0","0","0","0"
"천내초등학교","초등학교","","대구광역시 달성군 화원읍 성천로 192 ","5","7","59","11","0"
"월곡초등학교","초등학교","","대구광역시 달서구 상인로 40 (상인동)","2","2","18","3","0"
"박애어린이집","어린이집","","대구광역시 남구 대명서2길 45 (대명동)","0","0","0","0","0"
"수성어린이집","어린이집","","대구광역시 수성구 명덕로76길 80-1 (수성동1가)","1","1","10","1","0"
"대구해서초등학교","초등학교","","대구광역시 동구 팔공로 220-4 (봉무동)","3","2","37","1","0"
"대덕초등학교","초등학교","","대구광역시 남구 대명서로 28 (대명동)","9","16","88","19","0"
"현풍아이세상어린이집","어린이집","2014년 04월 17일","대구광역시 달성군 현풍읍 현풍중앙로10길 64 ","0","0","0","0","0"
"대구세천초등학교","초등학교","2016년 02월 24일","대구광역시 달성군 다사읍 세천로 182-9 ","2","5","32","4","0"
"대구세천유치원","유치원(병설)","","대구광역시 달성군 다사읍 세천로 182-9 ","0","0","0","0","0"
"상원초등학교","초등학교","","대구광역시 달서구 월곡로20길 15 (상인동)","7","7","36","11","0"
"꿈나무어린이집","어린이집","","대구광역시 수성구 들안로2안길 27-15 (두산동)","3","2","12","4","0"
"고산초등학교","초등학교","","대구광역시 수성구 달구벌대로 3067 (시지동)","3","2","38","14","0"
"경북대학교 사범대학 부설초등학교","초등학교","1997년 10월 10일","대구광역시 중구 달구벌대로 2150 (봉산동)","2","2","12","2","0"
"무산유치원","유치원(일반)","","대구광역시 동구 경안로103길 31 (서호동)","6","4","20","17","0"
"신세계유치원","유치원(일반)","","대구광역시 수성구 신천동로62길 17 (수성동1가)","1","2","9","3","0"
"연제어린이집","어린이집","","대구광역시 달서구 감삼남길 49 (감삼동)","2","1","9","4","0"
"성당초등학교","초등학교","","대구광역시 달서구 대명천로 118 (본리동)","4","3","35","8","1"
"남도어린이집","어린이집","","대구광역시 남구 장전3길 132 (대명동)","5","6","41","9","1"
"리라어린이집","어린이집","","대구광역시 북구 대현로21길 52 (대현동)","1","1","3","2","0"
"하늘숲유치원","유치원(일반)","2012년 12월 18일","대구광역시 달성군 화원읍 비슬로539길 11-11 ","1","1","14","4","0"
"대구송정초등학교","초등학교","","대구광역시 동구 안심로90길 9 (괴전동)","4","10","45","4","0"
"대성초등학교","초등학교","","대구광역시 서구 국채보상로 426 (비산동)","7","8","34","5","0"
"보물섬어린이집","어린이집","","대구광역시 남구 대명로49길 9-5 (대명동)","2","3","14","4","1"
"한꽃유치원","유치원(일반)","","대구광역시 북구 매천로 204 (태전동)","0","0","0","0","0"
"이바유치원","유치원(일반)","","대구광역시 수성구 파동로30길 61 (파동)","2","1","14","3","0"
"남도초등병설","초등학교","","대구광역시 남구 현충동길 74 (대명동)","0","0","0","0","1"
" 남도초등학교","초등학교","","대구광역시 남구 현충동길 74 (대명동)","6","8","85","11","2"
"옥포예일유치원","유치원(일반)","2017년 10월 17일","대구광역시 달성군 옥포읍 법화길 61 ","1","0","12","2","0"
"매천초등학교","초등학교","","대구광역시 북구 매천로 179 (매천동)","4","6","39","3","0"
"신서초등학교","초등학교","","대구광역시 달서구 계대동문로3길 46 (신당동)","12","6","30","11","0"
"대구죽전초등학교","초등학교","","대구광역시 달서구 죽전길 127 (죽전동)","6","7","28","15","0"
"서변초등학교","초등학교","","대구광역시 북구 호국로43길 35 (서변동)","7","6","37","7","0"
"우정유치원","유치원(일반)","","대구광역시 달서구 선원로14길 10 (신당동)","3","1","12","2","0"
"싱어송유치원","유치원(일반)","","대구광역시 동구 신서로 71-52 (각산동)","1","0","4","1","0"
"은초롱유치원","유치원(일반)","","대구광역시 달서구 서당로7길 93 (신당동)","3","3","14","5","0"
"남대구초등학교","초등학교","","대구광역시 남구 중앙대로47길 55 (대명동)","4","7","47","7","0"
"남대구초등병설","유치원(병설)","","대구광역시 남구 중앙대로47길 55 (대명동)","0","0","0","0","0"
"신당초등학교","초등학교","","대구광역시 달서구 서당로 14 (신당동)","2","2","16","7","0"
"대구신천초등학교","초등학교","","대구광역시 동구 송라로6길 5 (신천동)","7","5","55","4","1"
"엘키즈유치원","유치원(일반)","2016년 03월 31일","대구광역시 달성군 화원읍 성천로42길 24 ","3","1","17","6","0"
"경상유치원","유치원(일반)","2016년 02월 24일","대구광역시 남구 현충로48길 31-9 (대명동)","2","4","33","8","0"
"천내어린이집","어린이집","2013년 04월 02일","대구광역시 달성군 화원읍 화원로7길 55 ","1","3","17","2","0"
"대구죽곡초등학교","초등학교","","대구광역시 달성군 다사읍 죽곡1길 18 ","6","7","74","24","0"
"관음어린이집","어린이집","","대구광역시 북구 관음중앙로22길 3 (관음동)","4","2","15","4","0"
"백합어린이집","어린이집","2008년 09월 26일","대구광역시 중구 남산로4길 111 (남산동)","1","0","12","0","0"
"꿈꽃어린이집","어린이집","","대구광역시 동구 송라로 110 (신암동)","1","0","6","0","0"
"송현초등학교","초등학교","","대구광역시 달서구 송현로 128 (송현동)","7","8","36","20","0"
"롯데가야유치원","유치원(일반)","","대구광역시 달서구 대명천로 101 (본리동, 본리 롯데캐슬)","2","2","24","8","0"
"한국어린이집","어린이집","","대구광역시 달서구 중흥로8길 112 (송현동)","2","2","12","6","0"
"대자연유치원","유치원(일반)","2014년 04월 18일","대구광역시 달성군 다사읍 서재본1길 9-10 ","4","0","0","0","0"
"대구감삼초등학교","초등학교","","대구광역시 달서구 당산로 123 (감삼동)","8","4","41","13","1"
"대남초등학교","초등학교","","대구광역시 달서구 월배로68길 91 (송현동)","9","9","85","27","0"
"멘사창의유치원","유치원(일반)","","대구광역시 달서구 송현로8길 92 (송현동)","2","2","9","3","0"
"리라유치원","유치원(일반)","","대구광역시 달서구 앞산순환로 225 (송현동)","1","2","5","0","0"
"죽곡어린이집","어린이집","","대구광역시 달성군 다사읍 달구벌대로174길 17-5 ","0","0","0","0","0"
" 동그라미유치원","유치원(일반)","","대구광역시 달서구 중흥로8길 50 (송현동)","3","1","12","6","0"
"경북유치원","유치원(일반)","","대구광역시 남구 중앙대로40길 10-1 (대명동)","3","3","13","2","0"
"은초롱어린이집","어린이집","","대구광역시 달성군 다사읍 서재본1길 11 ","0","0","0","0","0"
"꼬마또래어린이집","어린이집","","대구광역시 달서구 와룡로45안길 37 (용산동)","5","3","14","4","0"
"동영유치원","유치원(일반)","","대구광역시 수성구 파동로51길 80 (파동)","1","1","7","4","0"
"더플로우유치원","유치원(일반)","","대구광역시 동구 반야월북로 189-30 (각산동)","2","1","21","4","0"
"원화유치원","유치원(일반)","","대구광역시 달서구 당산로21안길 49 (감삼동)","2","1","8","7","1"
"스카이유치원","유치원(일반)","","대구광역시 달서구 당산로 12 (본리동)","2","1","11","2","0"
"동대구초등학교","초등학교","","대구광역시 동구 신암남로 45 (신암동)","4","8","37","6","0"
"사과나무유치원","유치원(일반)","","대구광역시 동구 아양로8길 31-4 (신암동)","0","0","0","0","0"
"칠성초등학교","초등학교","","대구광역시 북구 침산남로32길 17 (침산동)","4","4","28","7","1"
"두류초등학교","초등학교","","대구광역시 서구 달구벌대로357길 22 (내당동)","13","5","13","21","0"
"명덕초등학교","초등학교","1996년 05월 28일","대구광역시 중구 남산로2길 125 (남산동)","12","10","88","23","0"
"명덕초등학교 병설유치원","유치원(병설)","1995년 12월 30일","대구광역시 중구 남산로2길 125 (남산동)","0","0","0","0","0"
"효동초등학교","초등학교","","대구광역시 동구 효동로 78-7 (효목동)","3","1","17","0","0"
"좋은유치원","유치원(일반)","","대구광역시 북구 호암로 20 (칠성동2가, 성광우방타운)","6","6","47","12","0"
"동그라미어린이집","어린이집","2014년 04월 17일","대구광역시 달성군 화원읍 비슬로500길 10 ","2","1","10","1","0"
"동일초등학교","초등학교","1996년 05월 28일","대구광역시 수성구 들안로 311 (수성동2가)","2","5","25","4","0"
"성모유치원","유치원(일반)","2001년 09월 25일","대구광역시 중구 남산로4길 78 (남산동)","3","1","25","9","0"
"동덕초등학교 병설유치원","유치원(병설)","","대구광역시 중구 동덕로26길 20 (삼덕동2가)","0","0","0","0","0"
"동덕초등학교","초등학교","1998년 09월 08일","대구광역시 중구 동덕로26길 20 (삼덕동2가)","3","2","31","1","0"
"태양유치원","유치원(일반)","","대구광역시 달서구 월배로28안길 17-10 (진천동)","2","3","10","5","1"
"복현초등학교","초등학교","","대구광역시 북구 공항로 58 (복현동)","3","4","44","5","0"
"은하수어린이집","어린이집","","대구광역시 달서구 달구벌대로301길 58 (용산동)","2","1","10","3","0"
"특수학교(광명,영화,보명,보건,덕희)5개교","특수학교","","대구광역시 남구 성당로50길 33 (대명동)","3","5","28","5","0"
"백설어린이집","어린이집","2013년 04월 02일","대구광역시 달성군 화원읍 비슬로502길 14 ","1","1","12","2","0"
"아이별어린이집","어린이집","","대구광역시 북구 고성로34길 63 (고성동2가)","0","0","0","0","0"
"비안네유치원","유치원(일반)","","대구광역시 수성구 달구벌대로650길 81 (욱수동)","2","2","12","3","1"
"예일어린이집","어린이집","","대구광역시 동구 동부로 67-1 (신천동)","1","0","6","0","0"
"세종유치원","유치원(일반)","","대구광역시 달성군 다사읍 다사로4길 1 ","0","0","0","0","0"
"단비어린이집","어린이집","","대구광역시 동구 팔공로91길 10 (지묘동)","2","1","12","3","0"
"혜송유치원","유치원(일반)","","대구광역시 북구 호암로 40 (칠성동2가, 삼성아파트)","0","0","0","0","0"
"온뜨레피움어린이집","어린이집","","대구광역시 동구 아양로 213-6 (신암동)","1","0","4","0","0"
"옥산초등학교","초등학교","","대구광역시 북구 칠성시장로23길 55 (칠성동2가)","5","7","36","17","0"
"예원유치원","유치원(일반)","","대구광역시 북구 칠성로 105-21 (칠성동2가)","2","1","7","2","0"
"동산어린이집","어린이집","","대구광역시 수성구 달구벌대로652길 65-6 (욱수동)","1","1","11","4","1"
"호수유치원","유치원(일반)","","대구광역시 동구 팔공로68길 4-5 (봉무동)","1","0","3","0","0"
"보나유치원","유치원(일반)","2006년 12월 15일","대구광역시 중구 남산로7길 86 (남산동)","2","0","0","0","0"
"대구예술어린이집","어린이집","","대구광역시 달서구 죽전1안길 14 (죽전동)","2","1","6","0","0"
"대구반야월초등학교","초등학교","","대구광역시 동구 안심로49길 70 (서호동)","2","2","13","5","0"
"꿈나무어린이집","어린이집","2008년 09월 26일","대구광역시 중구 남산로1길 46-5 (남산동)","2","1","9","3","0"
" 새나래어린이집","어린이집","","대구광역시 북구 경대로7길 60 (대현동, 성지무궁화아파트)","1","2","7","2","0"
" 대봉초등학교","초등학교","","대구광역시 남구 대봉로26길 33 (이천동)","3","7","55","8","1"
"대구진월초등학교","초등학교","","대구광역시 달서구 진천로4길 32 (진천동)","4","7","42","15","0"
"대구안일초등학교","초등학교","","대구광역시 동구 율하동로23길 66 (율하동)","2","2","40","3","0"
"계명유치원","유치원(일반)","","대구광역시 남구 명덕로20길 24 (대명동)","2","4","18","4","0"
"삼덕어린이집","어린이집","","대구광역시 수성구 청호로46길 5-2 (황금동)","2","0","7","2","0"
" 튼튼한어린이집","어린이집","","대구광역시 북구 동변로20길 30-1 (동변동)","0","0","0","0","0"
"대구서재초등학교","초등학교","","대구광역시 달성군 다사읍 서재로 100 ","10","6","49","13","0"
"동문초등학교","초등학교","","대구광역시 수성구 효행로2길 111 (만촌동)","5","6","55","15","2"
"아이비어린이집","어린이집","2008년 09월 26일","대구광역시 중구 남산로3안길 20 (남산동)","2","1","7","3","0"
"대구감천초등학교","초등학교","","대구광역시 달서구 구마로12길 60 (월성동)","4","5","38","12","0"
"예쁜손어린이집","어린이집","","대구광역시 동구 율하동로26길 22 (신기동)","2","2","12","5","0"
"드림유치원","유치원(일반)","","대구광역시 남구 대봉로30길 36-8 (이천동)","0","0","0","0","0"
"대구남송초등학교","초등학교","","대구광역시 달서구 송현로 192 (본동)","4","7","57","9","0"
"소망어린이집","어린이집","","대구광역시 달서구 앞산순환로61길 68 (송현동)","3","3","11","5","0"
"더플로우어린이집","어린이집","2015년 10월 08일","대구광역시 남구 대봉로30길 40 (이천동)","1","3","10","2","0"
"대구덕성초등학교","초등학교","","대구광역시 동구 아양로34길 50 (신암동)","3","2","18","5","0"
"월성초등학교","초등학교","","대구광역시 달서구 학산로7길 26 (월성동)","0","0","0","0","1"
"계성유치원","유치원(일반)","1997년 10월 10일","대구광역시 중구 달성로 15 (대신동)","0","0","0","0","0"
"계성초등학교","초등학교","1997년 10월 10일","대구광역시 중구 달성로 15 (대신동)","3","3","39","5","0"
"들안길초등학교","초등학교","","대구광역시 수성구 들안로16길 58 (두산동)","11","11","79","23","0"
"북대구초등학교","초등학교","","대구광역시 북구 동북로37길 68 (산격동)","11","8","42","17","0"
"유아행복연구소(구 명지)","어린이집","","대구광역시 동구 신암남로27길 35 (신암동)","2","1","2","0","0"
"세계제일어린이집","어린이집","","대구광역시 북구 복현로20길 73-1 (복현동)","3","3","11","1","0"
"달서어린이집","어린이집","","대구광역시 달서구 대명천로8길 10 (성당동)","2","1","11","3","0"
" 사랑마을유치원","유치원(일반)","","대구광역시 달서구 상화북로 7 (진천동)","0","0","0","0","0"
"무지개어린이집","어린이집","","대구광역시 달서구 감삼남2길 108 (감삼동)","2","2","7","2","1"
"경운초등학교","초등학교","","대구광역시 서구 평리로54길 16 (내당동)","19","7","14","26","0"
"가톨릭소화어린이집","어린이집","","대구광역시 남구 현충로39길 74 (대명동)","3","3","23","7","0"
" 성명초등학교","초등학교","","대구광역시 남구 성당로30길 55 (대명동)","8","14","43","7","0"
"세화유치원","유치원(일반)","","대구광역시 서구 서대구로5길 56 (내당동)","6","4","15","6","0"
"대구성보학교","특수학교","","대구광역시 북구 동북로71길 9-45 (복현동)","1","1","6","2","0"
"성산어린이집","어린이집","","대구광역시 서구 옥산로6길 9 (원대동3가)","3","4","11","7","0"
"중동어린이집","어린이집","","대구광역시 수성구 희망로 121 (중동)","1","3","9","0","0"
"태현초등학교","초등학교","","대구광역시 북구 태전로 95 (태전동)","3","2","19","5","0"
"청동어린이집","어린이집","","대구광역시 남구 이천로28길 42-33 (이천동)","1","3","5","3","0"
"신명유치원","유치원(일반)","","대구광역시 북구 동변로20길 15 (동변동)","4","8","18","3","0"
"도림초등학교병설유치원","유치원(병설)","","대구광역시 달성군 다사읍 서재로26길 94 ","0","0","0","0","0"
"대구도림초등학교","초등학교","","대구광역시 달성군 다사읍 서재로26길 94 ","3","1","47","3","0"
"안드레아유치원","유치원(일반)","2014년 06월 17일","대구광역시 달성군 현풍읍 현풍동로 10 ","1","3","26","14","0"
"대구유천초등학교","초등학교","","대구광역시 달서구 달서대로 39 (유천동)","5","3","40","9","1"
"이본유치원","유치원(일반)","","대구광역시 동구 팔공로34길 27 (불로동)","2","1","6","0","0"
"대구논공초등학교","초등학교","","대구광역시 달성군 논공읍 논공로7길 41 ","0","0","0","0","0"
"논동초등학교병설유치원","유치원(병설)","","대구광역시 달성군 논공읍 논공로7길 41 ","0","0","0","0","0"
"문성초등학교","초등학교","","대구광역시 북구 복현로 180 (복현동)","6","5","33","4","0"
"삼덕초등학교","초등학교","1997년 10월 10일","대구광역시 중구 달구벌대로447길 10 (삼덕동3가)","3","5","29","4","0"
"고운어린이집","어린이집","","대구광역시 수성구 노변공원로7길 6-24 (노변동)","2","1","19","4","0"
"경전유치원","유치원(일반)","","대구광역시 북구 복현로 11 (복현동)","1","3","11","0","0"
"대구본리초등학교","초등학교","","대구광역시 달서구 장기로 198 (감삼동)","7","4","33","16","1"
"달서유치원","유치원(일반)","","대구광역시 서구 국채보상로 342 (비산동)","7","3","24","6","0"
"대구선명학교","특수학교","","대구광역시 동구 팔공산로 225 (덕곡동)","2","2","12","2","0"
"동구청어린이집","어린이집","","대구광역시 동구 신암남로 175-1 (신암동)","2","1","12","3","0"
"파호초등학교","초등학교","","대구광역시 달서구 달서대로109안길 76 (호산동)","3","5","18","7","0"
"조은어린이집","어린이집","","대구광역시 달서구 당산로45길 95 (감삼동)","2","1","9","4","0"
"대구호산초등학교","초등학교","","대구광역시 달서구 달서대로109길 116 (호산동)","3","3","35","1","0"
"대구가톨릭대학교부설유치원","유치원(일반)","","대구광역시 동구 안심로 300 (동호동)","3","1","7","2","0"
"효목어린이집","어린이집","","대구광역시 동구 효목로13길 23 (효목동)","3","2","11","3","0"
"숲속예은유치원","유치원(일반)","","대구광역시 달성군 다사읍 죽곡2길 35 ","0","0","0","0","0"
"서재성모유치원","유치원(일반)","","대구광역시 달성군 다사읍 서재로20길 28-1 ","0","0","0","0","0"
"대구동호초등학교","초등학교","","대구광역시 동구 동호로 25 (동호동)","1","1","18","2","0"
"청림초등학교","초등학교","","대구광역시 수성구 고산로 51 (노변동)","1","3","16","0","0"
"시지아이숲유치원 ","유치원(일반)","","대구광역시 수성구 달구벌대로625길 25 (시지동)","2","1","37","6","0"
"새동변어린이집","어린이집","","대구광역시 북구 동변로18길 25 (동변동)","1","1","10","2","0"
"아이비어린이집","어린이집","","대구광역시 달서구 진천로3길 31 (진천동)","2","2","10","0","0"
"성동초등학교","초등학교","","대구광역시 수성구 청수로45길 27 (황금동)","3","4","25","7","0"
"칼라풀어린이집","어린이집","","대구광역시 북구 복현로2길 34 (복현동)","2","2","16","4","0"
"화남어린이집","어린이집","2014년 04월 16일","대구광역시 달성군 화원읍 비슬로512길 44 ","2","1","19","6","1"
"동학어린이집","어린이집","","대구광역시 남구 자유5길 16 (대명동)","3","4","24","11","0"
"구지초등학교","초등학교","","대구광역시 달성군 구지면 창리로11길 45-11 ","6","4","21","3","0"
"구지초교병설","유치원(병설)","1997년 10월 10일","대구광역시 달성군 구지면 창리로11길 45-11 ","0","0","0","0","0"
"아름다운유치원","유치원(일반)","","대구광역시 동구 동호로2길 37-17 (동호동)","3","1","14","3","0"
"숙천초등학교","초등학교","","대구광역시 동구 숙천로 17 (숙천동)","4","4","50","3","0"
"달산초등학교","초등학교","","대구광역시 북구 옥산로17길 37 (침산동)","2","4","23","8","0"
"자연과예술유치원","유치원(일반)","","대구광역시 달서구 월배로5길 11-4 (유천동)","2","1","29","5","0"
"서부초등학교","초등학교","","대구광역시 서구 달서로26길 25 (비산동)","15","7","25","23","0"
"덕인초등학교","초등학교","","대구광역시 달서구 대명천로43길 66 (본리동)","7","10","29","11","1"
"삼육초등학교","초등학교","","대구광역시 수성구 청수로 22-23 (중동)","1","1","13","4","0"
" 코오롱아인슈타인유치원","유치원(일반)","","대구광역시 수성구 수성로 412 (수성동4가, 수성보성타운)","1","2","15","8","0"
"수성유치원","유치원(일반)","","대구광역시 수성구 신천동로96길 45 (수성동4가)","3","2","14","4","0"
"수성영희어린이집","어린이집","","대구광역시 수성구 신천동로86길 25 (수성동4가)","2","1","16","4","0"
"DGB아이꿈터어린이집","어린이집","","대구광역시 수성구 달구벌대로 2271-5 (수성동4가)","2","3","15","3","0"
"대구성지초등학교","초등학교","","대구광역시 달서구 새동네로 27 (용산동)","2","2","33","9","0"
"혜성어린이집","어린이집","","대구광역시 북구 신천동로148길 55 (대현동)","1","2","8","2","0"
"대구화원초등학교","초등학교","","대구광역시 달성군 화원읍 비슬로 2580 ","3","5","43","2","1"
"성산초등학교","초등학교","","대구광역시 달서구 선원남로 173 (용산동)","0","0","0","0","0"
"보성은하유치원","유치원(일반)","","대구광역시 달서구 월곡로 320 (상인동, 보성은하아파트)","0","0","0","0","2"
"보노유치원","유치원(일반)","","대구광역시 수성구 국채보상로 955-2 (만촌동)","2","1","15","0","0"
"아일랜드유치원","유치원(일반)","","대구광역시 수성구 국채보상로 990-10 (범어동)","3","3","12","1","0"
"예뜰유치원","유치원(일반)","","대구광역시 동구 반야월북로55길 43 (신서동)","2","1","10","3","0"
" 대구과학어린이집","어린이집","","대구광역시 달서구 와룡로15길 62 (본리동)","2","2","12","6","1"
" 사랑어린이집","어린이집","","대구광역시 북구 칠곡중앙대로126길 3 (읍내동)","0","0","0","0","0"
"청아어린이집","어린이집","","대구광역시 달서구 이곡공원로1길 16 (이곡동)","2","1","8","1","0"
"동인초등학교","초등학교","1997년 10월 10일","대구광역시 중구 국채보상로 728 (동인동4가)","3","5","23","1","0"
"동인초등학교 병설유치원","유치원(병설)","","대구광역시 중구 국채보상로 728 (동인동4가)","0","0","0","0","0"
"아이엠어린이집","어린이집","2013년 01월 09일","대구광역시 달성군 다사읍 다사로 103-8 ","0","0","0","0","0"
"정원어린이집","어린이집","","대구광역시 북구 칠곡중앙대로126길 21-24 (읍내동)","0","0","0","0","0"
" 웃는아이어린이집","어린이집","","대구광역시 북구 학정로 110-22 (태전동)","1","2","7","1","0"
"영선초등학교","초등학교","","대구광역시 남구 영선길 96 (이천동)","7","11","63","23","0"
" 경진초등학교","초등학교","","대구광역시 북구 경진로12길 5 (복현동)","5","6","39","10","0"
" 파랑새유치원","유치원(일반)","","대구광역시 달서구 월곡로35길 71 (상인동)","4","4","21","8","0"
"다사초등병설","유치원(병설)","1997년 10월 10일","대구광역시 달성군 다사읍 다사로 86 ","0","0","0","0","0"
"대구다사초등학교","초등학교","","대구광역시 달성군 다사읍 다사로 86 ","7","2","18","4","0"
" 자연과학유치원","유치원(일반)","","대구광역시 달서구 성지로16길 41 (용산동)","6","3","12","4","0"
"강남유치원","유치원(일반)","","대구광역시 동구 신암로18길 19 (신암동)","2","2","22","4","0"
"썸머힐어린이집","어린이집","","대구광역시 달서구 조암남로27길 10 (대천동)","1","1","4","0","0"
" 예나유치원","유치원(일반)","","대구광역시 수성구 욱수천로 133 (사월동, 시지2차사월보성타운)","1","1","12","4","0"
"침산초등학교","초등학교","","대구광역시 북구 성북로 25 (침산동)","3","3","35","5","0"
"대구한샘초등학교","초등학교","","대구광역시 달서구 월배로11길 42 (대천동)","3","3","29","8","0"
"구암어린이집","어린이집","","대구광역시 북구 구암로42길 13-20 (구암동)","3","2","13","2","0"
"사랑유치원","유치원(일반)","","대구광역시 달서구 야외음악당로41길 68 (두류동)","0","0","0","0","0"
"신흥초등학교","초등학교","","대구광역시 달서구 두류공원로 257 (두류동)","5","5","33","6","0"
"삼성유치원","유치원(일반)","","대구광역시 북구 동암로 21-19 (읍내동)","7","6","41","8","0"
"은혜어린이집","어린이집","","대구광역시 달서구 선원로53길 34-10 (용산동)","1","1","4","2","0"
"대구장성초등학교","초등학교","","대구광역시 달서구 달구벌대로 1429-11 (장기동)","6","13","48","19","0"
"상인초등학교","초등학교","","대구광역시 달서구 월곡로 211 (상인동)","3","3","26","10","1"
"포산유치원","유치원(일반)","","대구광역시 달성군 현풍읍 테크노북로 78 ","0","0","0","0","0"
"대구포산초등학교","초등학교","2017년 03월 09일","대구광역시 달성군 현풍읍 테크노북로 80 ","3","4","60","0","0"
"남명초등학교","초등학교","","대구광역시 남구 큰골4길 41 (대명동)","7","9","68","15","0"
"꿈이있는 숲속유치원(꿈숲유치원)","유치원(일반)","2012년 03월 07일","대구광역시 달성군 다사읍 다사로 64 ","0","0","0","0","0"
"용산유치원","유치원(일반)","","대구광역시 달서구 선원로55길 11-8 (용산동)","4","2","10","2","0"
" 나래영재어린이집","어린이집","","대구광역시 북구 대불서길 18-6 (산격동)","0","0","0","0","0"
"중리초등학교","초등학교","","대구광역시 서구 국채보상로 135 (이현동)","9","2","28","2","0"
"대구동신초등학교","초등학교","","대구광역시 동구 송라로 123 (신암동)","4","7","59","12","0"
"대구효신초등학교","초등학교","1996년 05월 28일","대구광역시 동구 동부로34길 70 (신천동)","2","5","20","5","0"
"월배유치원","유치원(일반)","","대구광역시 달서구 월배로 149-7 (진천동)","0","0","0","0","1"
" 환타랜드숲유치원","유치원(일반)","","대구광역시 북구 매천로17길 17-1 (매천동)","4","1","4","2","0"
"노변초등학교","초등학교","","대구광역시 수성구 노변공원로 52 (시지동)","2","1","39","14","0"
"비슬향유치원","유치원(일반)","2017년 03월 09일","대구광역시 달성군 현풍읍 현풍동로22길 17 ","0","0","0","0","0"
"송일초등학교","초등학교","","대구광역시 달서구 학산로2길 38 (월성동)","2","4","25","7","2"
"큰사랑어린이집","어린이집","","대구광역시 달서구 월배로75길 132 (송현동)","2","2","26","7","0"
"한글나라어린이집","어린이집","","대구광역시 달서구 야외음악당로9길 34 (성당동)","2","0","6","4","0"
"큰별유치원","유치원(일반)","","대구광역시 달성군 화원읍 성화로4길 13 (화원태왕타운)","2","1","11","3","0"
"더좋은유치원","유치원(일반)","","대구광역시 달서구 선원로 241 (용산동, 성서2차보성타운)","1","1","7","0","0"
"사랑마을어린이집","어린이집","","대구광역시 달서구 진천로10길 12 (진천동)","1","1","5","3","0"
"선원초등학교","초등학교","","대구광역시 달서구 선원로33길 105 (용산동)","3","2","19","5","0"
"채송화유치원","유치원(일반)","","대구광역시 북구 학정로48길 42-6 (구암동)","5","6","25","11","0"
"동해유치원","유치원(일반)","","대구광역시 달서구 장기로 50 (성당동)","2","2","14","3","0"
" 엘리트어린이집","어린이집","","대구광역시 북구 칠곡중앙대로43길 13 (태전동)","5","3","23","8","0"
"대구영신초등학교","초등학교","","대구광역시 동구 팔공로50길 32 (봉무동)","4","0","14","2","0"
"문화유치원","유치원(일반)","","대구광역시 달서구 월배로83길 120-11 (송현동)","3","2","10","4","0"
"남덕초등학교","초등학교","","대구광역시 남구 앞산순환로93길 33 (대명동)","12","7","71","14","0"
"한솔어린이집","어린이집","","대구광역시 달서구 성지로16길 69-6 (용산동)","2","2","8","1","0"
"대구장동초등학교","초등학교","","대구광역시 달서구 달구벌대로304길 112 (장기동)","4","3","17","6","0"
"다인유치원","유치원(일반)","","대구광역시 북구 대현남로 34 (대현동)","4","1","50","4","0"
"자연과학어린이집","어린이집","2012년 06월 18일","대구광역시 달성군 현풍읍 현풍동로25길 17 ","0","0","0","0","0"
"드림아이유치원","유치원(일반)","2013년 02월 13일","대구광역시 달성군 다사읍 매곡로 92 ","0","0","0","0","0"
"현풍초등학교","초등학교","2019년 06월 07일","대구광역시 달성군 현풍읍 비슬로134길 167-6 ","20","7","82","22","0"
"스콜라유치원(구프뢰벨유치원)","유치원(일반)","2015년 06월 01일","대구광역시 남구 앞산순환로 467 (대명동)","2","3","17","2","0"
"대구강동초등학교","초등학교","","대구광역시 동구 동호로7길 17 (신서동)","3","2","18","4","0"
"대구지묘초등학교","초등학교","","대구광역시 동구 파계로6길 54-3 (지묘동)","5","3","28","11","0"
"키즈로스쿨어린이집","어린이집","","대구광역시 동구 반야월로26길 61-2 (신기동)","1","0","4","0","0"
"행복나무유치원","유치원(일반)","","대구광역시 달서구 성서서로73길 68 (신당동)","1","1","5","1","0"
"세광","어린이집","","대구광역시 달서구 달구벌대로304길 52 (감삼동)","0","0","0","0","0"
"예현유치원","유치원(일반)","","대구광역시 달서구 월배로75길 78 (송현동)","2","3","13","5","0"
"금성유치원","유치원(일반)","","대구광역시 동구 화랑로25길 21 (효목동)","0","0","0","0","0"
"우리아이어린이집","어린이집","","대구광역시 달서구 용산로14길 39 (장기동)","1","1","6","2","0"
"조은유치원","유치원(일반)","","대구광역시 동구 율하동로20길 31 (신기동, 신기모란3차아파트)","2","0","16","5","0"
"상록수어린이집","어린이집","","대구광역시 달서구 월배로23길 51 (진천동)","2","0","8","3","0"
"선혜유치원","유치원(일반)","","대구광역시 달서구 선원로57길 17 (용산동)","5","1","16","3","0"
" 큰뫼생태어린이집","어린이집","","대구광역시 북구 학정로42길 26-24 (구암동)","0","0","0","0","0"
"대구초등학교 병설유치원","유치원(병설)","","대구광역시 중구 명륜로23길 80 (봉산동)","0","0","0","0","0"
"대구초등학교","초등학교","1996년 05월 28일","대구광역시 중구 명륜로23길 80 (봉산동)","4","8","45","11","0"
"천사유치원","유치원(일반)","","대구광역시 수성구 신매로 91 (신매동, 시지삼주한라협화타운)","1","1","30","6","0"
"월배초등학교","초등학교","","대구광역시 달서구 월배로 131 (진천동)","6","7","73","17","1"
"사월초등학교","초등학교","","대구광역시 수성구 달구벌대로656길 46 (신매동)","1","2","20","6","0"
"조암초등학교","초등학교","","대구광역시 달서구 조암로5길 19 (월성동)","4","8","41","8","0"
" 아이캔유치원","유치원(일반)","","대구광역시 달서구 비슬로 2728-16 (대곡동)","2","2","11","3","0"
"서평초등학교","초등학교","","대구광역시 서구 서대구로45길 60 (평리동)","10","1","2","1","1"
"에벤에셀유치원","유치원(일반)","","대구광역시 동구 금강로16길 25-12 (신서동)","3","1","7","7","0"
"단비유치원","유치원(일반)","","대구광역시 수성구 신매로 51 (신매동, 시지천마타운)","1","1","20","6","0"
"신매초등학교","초등학교","","대구광역시 수성구 달구벌대로650길 26 (신매동)","3","4","37","18","0"
" 예원어린이집","어린이집","","대구광역시 달서구 월곡로47안길 33-7 (상인동)","2","1","7","1","1"
"하나린어린이집","어린이집","","대구광역시 동구 신암로12길 53 (신천동)","1","1","12","1","0"
"해뜰어린이집","어린이집","","대구광역시 달서구 월곡로47안길 33-4 (상인동)","0","0","0","0","1"
"대구비슬초등학교","초등학교","2016년 02월 24일","대구광역시 달성군 유가읍 테크노북로 144 ","4","9","65","0","1"
"비슬유치원","유치원(병설)","","대구광역시 달성군 유가읍 테크노북로 144 ","0","0","0","0","1"
" 무열대유치원","유치원(일반)","","대구광역시 수성구 무열로 56 (만촌동)","1","0","4","0","0"
"도담소리숲유치원","유치원(일반)","2017년 03월 09일","대구광역시 달성군 화원읍 인흥2길 79 ","2","1","7","2","0"
"욱수초등학교","초등학교","","대구광역시 수성구 신매로 20 (신매동)","6","4","49","23","1"
" 글로벌씨앤씨어린이집","어린이집","","대구광역시 달서구 월곡로 113-15 (도원동)","4","2","13","5","0"
"가람유치원","유치원(일반)","","대구광역시 북구 칠곡중앙대로52길 20 (태전동, 삼성아파트)","2","3","13","5","0"
"대구한솔초등학교","초등학교","","대구광역시 달서구 조암남로 172-13 (유천동)","2","3","28","6","0"
"리리유치원","유치원(일반)","","대구광역시 수성구 신천동로34길 19 (중동)","3","2","22","7","0"
"매호초등학교","초등학교","","대구광역시 수성구 달구벌대로647길 30 (매호동)","4","3","74","22","0"
"기쁨어린이집","어린이집","","대구광역시 달서구 야외음악당로39길 41 (두류동)","3","1","12","3","1"
"대영유치원","유치원(일반)","2014년 08월 11일","대구광역시 달성군 논공읍 논공중앙로22길 47 ","6","1","17","6","0"
"대구용천초등학교","초등학교","","대구광역시 달서구 조암남로32길 55 (유천동)","2","3","26","5","0"
"해피키즈유치원","유치원(일반)","2012년 06월 18일","대구광역시 달성군 현풍읍 현풍동로20길 12 ","0","0","0","0","0"
"대구유가초등학교","초등학교","2016년 03월 31일","대구광역시 달성군 유가읍 테크노대로5길 34 ","3","2","55","0","0"
"세계어린이집","어린이집","2020년 12월 21일","대구광역시 달성군 다사읍 매곡로4길 36 ","0","0","0","0","0"
"룸비니유치원","유치원(일반)","","대구광역시 남구 대명남로 140 (대명동)","4","3","26","3","0"
"테크노초등병설유치원","유치원(병설)","","대구광역시 달성군 유가읍 현풍로 245 ","0","0","0","0","0"
"테크노초등학교","초등학교","","대구광역시 달성군 유가읍 현풍로 245 ","7","0","0","0","0"
"월배어린이집","어린이집","","대구광역시 달서구 상화로9길 102-10 (진천동)","4","2","12","4","0"
"예아람학교","특수학교","2020년 12월 21일","대구광역시 달성군 옥포읍 비슬로 1934 ","0","0","0","0","0"
"대구효목초등학교","초등학교","","대구광역시 동구 화랑로27길 25 (효목동)","5","6","24","14","0"
"상동어린이집","어린이집","","대구광역시 수성구 수성로32길 139 (상동)","4","1","10","2","0"
"금강 유치원","유치원(일반)","","대구광역시 수성구 동대구로50길 108 (범어동)","1","1","3","0","0"
"금봉어린이집","어린이집","","대구광역시 달서구 야외음악당로39안길 61 (두류동)","1","0","6","2","0"
"덕일어린이집","어린이집","","대구광역시 수성구 청호로92길 26 (범어동)","2","2","14","4","0"
"대구해안초등학교","초등학교","","대구광역시 동구 옻골로 50 (부동)","1","2","14","3","0"
"어울림유치원","유치원(일반)","2016년 03월 31일","대구광역시 달성군 다사읍 매곡로4길 26-1 ","2","1","4","4","0"
"해와달어린이집","어린이집","","대구광역시 북구 도남길 57-1 (국우동)","1","2","12","6","0"
"소원유치원","유치원(일반)","","대구광역시 동구 아양로42길 12 (효목동)","2","1","12","1","0"
"대구공산초등학교","초등학교","","대구광역시 동구 팔공로197길 35 (백안동)","1","2","12","6","0"
"달서초등학교","초등학교","","대구광역시 서구 국채보상로34길 35 (중리동)","20","7","45","17","0"
"행복유치원","유치원(일반)","","대구광역시 동구 신암북로7길 75 (신암동)","2","3","5","4","0"
"대구과학대학부설유치원","유치원(일반)","","대구광역시 북구 영송로 15 (태전동)","0","0","0","0","0"
"대구남부초등학교","초등학교","","대구광역시 달서구 야외음악당로15길 46 (성당동)","5","5","37","12","0"
" 하나어린이집","어린이집","","대구광역시 북구 칠곡중앙대로43길 33 (태전동)","0","0","0","0","0"
"대구비산초등학교","초등학교","","대구광역시 서구 통학로 202 (평리동)","9","4","24","5","0"
" 대광어린이집","어린이집","","대구광역시 달서구 용산로4길 32 (본리동)","2","2","7","9","1"
"동호어린이집","어린이집","","대구광역시 동구 안심로51길 120 (동호동)","0","0","0","0","0"
"대구동부초등학교","초등학교","","대구광역시 동구 신암북로7길 22 (신암동)","4","4","25","4","0"
"동산초등학교","초등학교","","대구광역시 수성구 동대구로42길 29 (범어동)","3","5","24","17","0"
" 칠곡한솔유치원","유치원(일반)","","대구광역시 북구 태암로18길 20-7 (구암동)","4","4","22","7","0"
"진천초등학교","초등학교","","대구광역시 달서구 상화로9길 65 (진천동)","3","6","20","13","0"
" 지산어린이집","어린이집","","대구광역시 수성구 지산로14길 29 (지산동)","1","1","12","6","0"
"성서초등학교","초등학교","","대구광역시 달서구 달구벌대로 1339 (이곡동)","3","3","16","3","0"
"미소담어린이집","어린이집","","대구광역시 북구 매전로4길 10-20 (매천동)","6","2","27","9","0"
"동변초등학교","초등학교","","대구광역시 북구 동변로 60 (동변동)","2","3","43","3","0"
"구암초등학교","초등학교","","대구광역시 북구 학정로 245 (구암동)","4","8","63","15","0"
"진성유치원","유치원(일반)","","대구광역시 북구 구암로 170 (구암동, 칠곡2차한라타운)","0","0","0","0","0"
" 라온제나어린이집","어린이집","","대구광역시 북구 도남길 33-9 (국우동)","0","0","0","0","0"
"칠곡혜성유치원","유치원(일반)","","대구광역시 북구 학정로42길 40 (구암동)","6","5","20","5","0"
"용계초교병설","유치원(병설)","1996년 05월 28일","대구광역시 달성군 가창면 가창로221길 1 ","0","0","0","0","0"
"용계초등학교","초등학교","1996년 05월 28일","대구광역시 달성군 가창면 가창로221길 1 ","2","3","25","6","0"
"영재어린이집","어린이집","","대구광역시 서구 평리로 146 (중리동)","5","0","15","2","0"
"삼덕유치원","유치원(일반)","","대구광역시 수성구 지범로48길 27 (범물동)","3","3","21","5","0"
"비봉초등학교","초등학교","","대구광역시 서구 달서로45길 30 (비산동)","16","4","12","14","0"
"원만사유치원","유치원(일반)","2001년 09월 25일","대구광역시 중구 달구벌대로 2013 (동산동)","1","1","9","0","0"
"남동초등학교","초등학교","2019년 06월 07일","대구광역시 달성군 논공읍 논공로 258 ","4","2","29","0","0"
"진천유치원","유치원(일반)","","대구광역시 달서구 상화로9길 15 (진천동)","2","2","13","7","1"
"수창초등학교","초등학교","1995년 12월 30일","대구광역시 중구 달성로22길 30 (수창동)","7","12","77","30","0"
"수창초등학교 병설유치원","유치원(병설)","","대구광역시 중구 달성로22길 30 (수창동)","0","0","0","0","0"
"팔달초등학교","초등학교","","대구광역시 북구 매천로2길 19-6 (팔달동)","4","4","18","8","0"
" 지묘어린이집","어린이집","","대구광역시 동구 파계로 117 (지묘동)","1","0","7","0","0"
"김샘학원 ","학원","","대구광역시 수성구 달구벌대로525길 6 (만촌동)","1","1","5","2","0"
"모란어린이집","어린이집","","대구광역시 수성구 지산로3길 115 (두산동)","3","3","13","4","0"
"대구관문초등학교","초등학교","","대구광역시 북구 매전로 32 (매천동)","2","1","14","2","0"
"하나렘어린이집","어린이집","","대구광역시 달서구 월배로 235 (상인동)","1","2","11","0","0"
"큐리어스어린이집","어린이집","","대구광역시 달서구 당산로30길 42-7 (두류동)","1","1","3","1","0"
"위즈숲유치원","유치원(일반)","","대구광역시 동구 파계로19길 12-7 (지묘동)","1","0","4","0","0"
"호동어린이집","어린이집","2008년 09월 26일","대구광역시 남구 희망로5길 19 (이천동)","2","5","22","6","0"
"옥스포드유치원","유치원(일반)","","대구광역시 북구 구리로 169 (국우동)","0","0","0","0","0"
"대구월암초등학교","초등학교","","대구광역시 달서구 조암로6길 55 (월성동)","6","11","98","17","0"
"금빛유치원","유치원(일반)","","대구광역시 동구 반야월로 208-1 (동호동)","4","2","20","9","0"
"아이위드유치원","유치원(일반)","","대구광역시 달서구 장기로 173 (본리동)","1","1","16","3","3"
"삼영유치원","유치원(일반)","","대구광역시 북구 내곡로 63-1 (사수동)","0","0","0","0","0"
"삼영초등학교","초등학교","","대구광역시 북구 내곡로 63 (사수동)","0","0","0","0","0"
" 마리아유치원","유치원(일반)","","대구광역시 수성구 범어천로 90 (범어동)","4","16","60","14","1"
"청산어린이집","어린이집","","대구광역시 동구 송라로3길 13-3 (신천동)","1","0","9","2","0"
"동도초등학교","초등학교","","대구광역시 수성구 동대구로57길 8 (범어동)","5","3","36","6","1"
"동도초등학교 병설유치원","유치원(병설)","","대구광역시 수성구 동대구로57길 8 (범어동)","0","0","0","0","1"
"강북초등학교","초등학교","","대구광역시 북구 구암서로 50 (구암동)","3","5","45","8","0"
"북비산초등학교","초등학교","","대구광역시 서구 통학로48길 7 (비산동)","14","7","22","11","0"
"대산초등학교","초등학교","","대구광역시 북구 신천동로 900 (산격동)","5","3","23","7","0"
"운암초등학교","초등학교","","대구광역시 북구 대천로 148 (구암동)","0","0","0","0","0"
"대곡가야유치원","유치원(일반)","","대구광역시 달서구 비슬로538길 7 (대곡동)","2","2","13","7","0"
"대구황금유치원","유치원(일반)","","대구광역시 수성구 청호로 286 (황금동)","2","2","21","1","0"
"청구어린이집","어린이집","","대구광역시 동구 송라로 3-6 (신천동)","1","1","10","2","0"
"칠곡초등학교","초등학교","","대구광역시 북구 칠곡중앙대로110길 5 (읍내동)","7","10","71","22","0"
" 미키월드랜드어린이집","어린이집","","대구광역시 동구 동촌로45길 39 (방촌동)","2","0","8","0","0"
"파동초등학교","초등학교","","대구광역시 수성구 파동로51길 34 (파동)","3","2","29","5","0"
"해성유치원","유치원(일반)","","대구광역시 북구 내곡로 123 (사수동)","0","0","0","0","0"
"옥포초등학교","초등학교","2013년 12월 05일","대구광역시 달성군 옥포읍 비슬로 2220 ","2","4","21","0","0"
"스탠포드어린이집","어린이집","2014년 04월 17일","대구광역시 달성군 논공읍 논공로5길 198 ","0","0","0","0","0"
"논공어린이집","어린이집","2014년 04월 17일","대구광역시 달성군 논공읍 논공로23길 6-15 ","2","1","13","2","0"
"신영유치원","유치원(일반)","2010년 07월 28일","대구광역시 달성군 논공읍 논공로17길 14 ","0","0","0","0","0"
"대구아이누리유치원","유치원(일반)","","대구광역시 달성군 논공읍 논공로15길 20-14 ","0","0","0","0","0"
"이튼어린이집","어린이집","","대구광역시 달성군 논공읍 논공로17길 16-8 ","0","0","0","0","0"
"다애어린이집","어린이집","","대구광역시 달서구 명덕로2길 87 (두류동)","3","1","12","2","0"
"반야유치원","유치원(일반)","2000년 08월 30일","대구광역시 남구 장전1길 92 (대명동)","2","3","21","8","0"
"아이러브유치원","유치원(일반)","","대구광역시 북구 구암로60길 45-14 (구암동)","2","2","11","2","0"
"키즈오르다어린이집","어린이집","","대구광역시 동구 국채보상로165길 31 (신천동)","1","0","9","2","0"
"대구성남초등학교","초등학교","","대구광역시 달서구 성당로47길 35 (두류동)","5","6","27","10","0"
"명지유치원","유치원(일반)","","대구광역시 달서구 월배로28길 84 (진천동)","4","2","10","7","0"
"대구근로복지공단어린이집","어린이집","","대구광역시 서구 서대구로17길 28 (중리동)","7","3","9","4","0"
"장기초등학교","초등학교","","대구광역시 달서구 장기로 280 (장기동)","2","3","24","4","0"
"사수초등학교","초등학교","","대구광역시 북구 내곡로 124 (사수동)","3","4","30","2","0"
"하늘정원유치원","유치원(일반)","","대구광역시 달서구 한들로 70 (장기동, 장기파랑새마을)","0","0","0","0","0"
"가창초등학교","초등학교","1997년 10월 10일","대구광역시 달성군 가창면 가창로 640 ","1","3","9","0","0"
"가창초교병설","유치원(병설)","1997년 10월 10일","대구광역시 달성군 가창면 가창로 640 ","0","0","0","0","0"
"대구대실유치원","유치원(병설)","","대구광역시 달성군 다사읍 대실역남로1길 29 ","0","0","0","0","0"
"대구대실초등학교","초등학교","2016년 02월 24일","대구광역시 달성군 다사읍 대실역남로1길 31 ","6","5","76","16","0"
"황금초등학교","초등학교","","대구광역시 수성구 들안로32길 22 (황금동)","4","5","28","12","0"
"학산초등학교","초등학교","","대구광역시 달서구 월성로 76 (월성동)","0","0","0","0","0"
"파프리카유치원","유치원(일반)","","대구광역시 달서구 대명천로21길 10 (성당동)","1","1","5","4","0"
"수피아어린이집","어린이집","","대구광역시 동구 메디밸리로8길 11 (사복동)","0","0","0","0","0"
"수피아유치원","유치원(일반)","","대구광역시 동구 메디밸리로8길 11 (사복동)","0","0","0","0","0"
" 소원어린이집","어린이집","","대구광역시 동구 아양로52길 17 (효목동)","1","1","4","2","0"
"하빈초교병설유치원","유치원(병설)","","대구광역시 달성군 하빈면 하빈로 391-1 ","0","0","0","0","0"
"대구하빈초등학교","초등학교","","대구광역시 달성군 하빈면 하빈로 391-1 ","2","2","33","6","0"
"동신유치원","유치원(일반)","2008년 09월 25일","대구광역시 수성구 교학로4길 39 (만촌동)","2","2","13","5","0"
"대서초등학교","초등학교","","대구광역시 달서구 송현로 9 (상인동)","1","0","0","0","0"
"가나유치원","유치원(일반)","","대구광역시 달서구 송현로7길 15 (상인동)","2","3","24","4","0"
"성북초등학교","초등학교","","대구광역시 북구 호국로57길 42 (서변동)","4","3","32","5","0"
"은성어린이집","어린이집","","대구광역시 수성구 교학로7길 16 (만촌동)","1","2","5","1","0"
"미래유치원","유치원(일반)","","대구광역시 북구 팔거천동로 104 (동천동, 칠곡2차보성서한타운)","0","0","0","0","0"
"대청초등학교","초등학교","","대구광역시 수성구 교학로12길 42 (만촌동)","5","5","45","11","0"
"아인슈타인어린이집","어린이집","","대구광역시 북구 동천로 5-13 (동천동)","3","2","23","4","0"
"뉴대구어린이집","어린이집","","대구광역시 수성구 교학로 54-1 (만촌동)","1","0","7","2","0"
"온누리유치원","유치원(일반)","","대구광역시 동구 안심로7길 21 (용계동)","1","1","6","4","0"
"용산초등학교","초등학교","","대구광역시 달서구 와룡로49길 80 (용산동)","6","3","40","21","0"
"북부초등학교","초등학교","","대구광역시 북구 동천로 20 (동천동)","0","0","0","0","0"
"경동초등학교","초등학교","","대구광역시 수성구 청호로76길 12 (범어동)","3","4","47","11","0"
"수성초등학교","초등학교","","대구광역시 수성구 상화로5길 40 (상동)","4","2","37","13","0"
"봄어린이집","어린이집","","대구광역시 동구 동촌로11길 5 (입석동)","4","2","10","1","0"
"효성초등학교","초등학교","","대구광역시 달서구 송현로 81 (송현동)","2","1","19","0","0"
"동천초등학교","초등학교","","대구광역시 수성구 상록로16길 20 (범어동)","6","5","64","18","0"
"다인어린이집","어린이집","","대구광역시 서구 달서로7길 9 (내당동)","4","0","4","2","0"
"옥스퍼드어린이집","어린이집","","대구광역시 달성군 화원읍 인흥길 29 ","0","0","0","0","0"
"가야유치원","유치원(일반)","","대구광역시 달서구 성서동로 350 (용산동, 평화타운)","0","0","0","0","0"
"용전초등학교","초등학교","","대구광역시 달서구 용산로 260 (용산동)","3","2","34","10","0"
"동평초등학교","초등학교","","대구광역시 북구 동천로 84 (동천동)","1","3","19","6","1"
"한림유치원","유치원(일반)","","대구광역시 북구 대천로 101 (동천동, 칠곡3차화성타운)","0","0","0","0","1"
"연경유치원","유치원(일반)","","대구광역시 북구 연경중앙로11길 20 (연경동)","0","0","0","0","0"
"서동초등학교","초등학교","2017년 03월 09일","대구광역시 달성군 다사읍 서재로7길 55 ","3","2","19","0","0"
"서동유치원","유치원(병설)","2017년 03월 09일","대구광역시 달성군 다사읍 서재로7길 55 ","0","0","0","0","0"
"행복이가득한어린이집","어린이집","","대구광역시 서구 달서천로53길 18 (비산동)","7","2","21","7","0"
" 문화어린이집","어린이집","","대구광역시 달서구 송현로7길 51-16 (상인동)","3","0","10","3","0"
"동원초등학교","초등학교","","대구광역시 수성구 국채보상로 1000 (만촌동)","2","1","35","4","0"
" 반디어린이집","어린이집","","대구광역시 북구 학정동로 84 (학정동)","12","3","32","7","1"
" 메이플유치원","유치원(일반)","","대구광역시 북구 영송로 85 (태전동, 한신중앙아파트)","0","0","0","0","0"
"연경초등학교","초등학교","","대구광역시 북구 연경중앙로11길 19 (연경동)","5","0","53","4","0"
" 리더스유치원","유치원(일반)","","대구광역시 북구 학정동로13길 12 (학정동)","5","16","37","15","1"
"환타랜드유치원","유치원(일반)","","대구광역시 북구 대천로18길 6 (동천동)","4","4","21","5","0"
"에트라움어린이집","어린이집","","대구광역시 북구 학남로1길 29 (학정동)","0","0","0","0","0"
"상지유치원","유치원(일반)","","대구광역시 서구 달서로 33 (내당동)","7","2","20","7","0"
"남산교회어린이집","어린이집","2008년 09월 26일","대구광역시 중구 관덕정길 16 (남산동)","2","1","12","5","0"
"대구입석초등학교","초등학교","","대구광역시 동구 아양로 300 (입석동)","1","1","21","0","0"
" 미술관유치원","유치원(일반)","","대구광역시 북구 학남로1길 2-11 (학정동)","0","0","0","0","1"
"창의나라어린이집","어린이집","","대구광역시 서구 문화로51길 9 (평리동)","3","1","10","4","0"
"함지초등학교","초등학교","","대구광역시 북구 동천로 33 (동천동)","4","6","42","6","0"
"신솔정유치원","유치원(일반)","2010년 07월 28일","대구광역시 달성군 옥포읍 비슬로455길 24 ","2","3","19","10","0"
"율하초등학교","초등학교","","대구광역시 동구 율하동로15길 1 (율하동)","6","4","36","8","0"
"프랜즈유치원","유치원(일반)","","대구광역시 수성구 국채보상로200길 9 (만촌동)","2","3","14","7","0"
" 무태어린이집","어린이집","","대구광역시 북구 서변로3길 79-8 (서변동)","8","5","27","2","0"
"장산초등학교","초등학교","","대구광역시 달서구 장산로 30 (용산동)","3","3","24","1","0"
"태전초등학교","초등학교","","대구광역시 북구 칠곡중앙대로75길 16 (태전동)","9","10","40","12","0"
" 대명초등학교","초등학교","","대구광역시 남구 대명로 100 (대명동)","5","9","68","11","0"
"동촌성모유치원","유치원(일반)","","대구광역시 동구 해동로 219 (검사동)","1","0","12","2","0"
"아인유치원","유치원(일반)","","대구광역시 동구 화랑로 558 (용계동)","1","0","2","0","0"
"시지어린이집","어린이집","","대구광역시 수성구 고산로 160-15 (매호동)","1","1","8","3","0"
"만촌어린이집","어린이집","","대구광역시 수성구 만촌로14길 11-2 (만촌동)","1","2","9","2","0"
"산돌유치원","유치원(일반)","","대구광역시 동구 방촌로17길 26 (방촌동)","2","1","6","2","0"
"만촌초등학교","초등학교","","대구광역시 수성구 국채보상로214길 33 (만촌동)","5","4","39","14","0"
"학정초등학교","초등학교","","대구광역시 북구 학남로 32 (학정동)","6","2","28","6","1"
"대구관천초등학교","초등학교","","대구광역시 북구 구암로22길 17 (태전동)","4","2","17","5","0"